{
  "metadata": {
    "timestamp": "2026-02-08T02:41:01.929789",
    "device": "cuda",
    "gpu": "NVIDIA A100-SXM4-40GB",
    "cuda": "12.8",
    "pytorch": "2.10.0+cu128",
    "seed": 42
  },
  "neudet_baseline": {
    "accuracy": 100.0,
    "loss": 0.002208,
    "latency_ms": 2.0396,
    "latency_std_ms": 0.0236,
    "throughput_fps": 490.28,
    "num_params": 11171910,
    "model_size_mb": 42.6175,
    "per_class_accuracy": {
      "0": 100.0,
      "1": 100.0,
      "2": 100.0,
      "3": 100.0,
      "4": 100.0,
      "5": 100.0
    },
    "train_losses": [
      1.2672022501627604,
      0.3138195600774553,
      0.052772976168327865,
      0.023069217428565027,
      0.010593002620670531,
      0.00977670086754693,
      0.005896496407998105,
      0.003899690808935298,
      0.0036914055339164202,
      0.005522162343064944,
      0.004259950830601156,
      0.003585964692239132,
      0.002008900067044629,
      0.00216863874035577,
      0.0028478240904708705,
      0.0025350315185884635,
      0.0017670429544523359,
      0.0013113884384640389,
      0.0019542739597252674,
      0.0016614189293856422,
      0.001396507984544668,
      0.0018144071684218944,
      0.0012783264198030035,
      0.0014515145668863422,
      0.0016300437583898506,
      0.0014605961623601615,
      0.001413106887290875,
      0.0011479269693760823,
      0.0012393273387311234,
      0.0010795663085041774,
      0.0015824229973885747,
      0.0017815530520035989,
      0.0015528264882353445,
      0.0011237916135643092,
      0.0015702175558544695,
      0.0010459320917208161,
      0.0012633099673419364,
      0.0014549450664263633,
      0.0014561136699436854,
      0.0011169128301036027
    ],
    "train_accs": [
      48.333333333333336,
      89.93055555555556,
      98.75,
      99.375,
      99.86111111111111,
      99.86111111111111,
      100.0,
      100.0,
      100.0,
      99.86111111111111,
      99.93055555555556,
      100.0,
      100.0,
      100.0,
      100.0,
      100.0,
      100.0,
      100.0,
      100.0,
      100.0,
      100.0,
      100.0,
      100.0,
      100.0,
      100.0,
      100.0,
      100.0,
      100.0,
      100.0,
      100.0,
      100.0,
      100.0,
      100.0,
      100.0,
      100.0,
      100.0,
      100.0,
      100.0,
      100.0,
      100.0
    ]
  },
  "neudet_hadmc2": {
    "accuracy": 100.0,
    "loss": 0.001924,
    "latency_ms": 1.4876,
    "latency_std_ms": 0.0231,
    "throughput_fps": 672.23,
    "num_params": 2794182,
    "model_size_mb": 10.659,
    "per_class_accuracy": {
      "0": 100.0,
      "1": 100.0,
      "2": 100.0,
      "3": 100.0,
      "4": 100.0,
      "5": 100.0
    },
    "compression_info": {
      "prune_ratio": 0.7496773604513463,
      "compression_ratio": 0.7498921849531548,
      "size_reduction": 0.7498914765061301,
      "speedup": 1.3710674912610916
    },
    "effective_size_mb": 2.6648,
    "component": "Full HAD-MC 2.0"
  },
  "sota_comparison": {
    "AMC": {
      "accuracy": 100.0,
      "loss": 0.003457,
      "latency_ms": 2.0176,
      "latency_std_ms": 0.0167,
      "throughput_fps": 495.64,
      "num_params": 2796582,
      "model_size_mb": 10.6681,
      "per_class_accuracy": {
        "0": 100.0,
        "1": 100.0,
        "2": 100.0,
        "3": 100.0,
        "4": 100.0,
        "5": 100.0
      },
      "method": "AMC",
      "compression_ratio": 0.7496773604513463,
      "speedup": 1.0109040444091992
    },
    "HAQ": {
      "accuracy": 100.0,
      "loss": 0.005227,
      "latency_ms": 2.0358,
      "latency_std_ms": 0.0151,
      "throughput_fps": 491.2,
      "num_params": 4367406,
      "model_size_mb": 16.6603,
      "per_class_accuracy": {
        "0": 100.0,
        "1": 100.0,
        "2": 100.0,
        "3": 100.0,
        "4": 100.0,
        "5": 100.0
      },
      "method": "HAQ",
      "compression_ratio": 0.6090725757726297,
      "effective_size_mb": 4.1651,
      "speedup": 1.0018665880734847
    },
    "DECORE": {
      "accuracy": 99.7222,
      "loss": 0.008408,
      "latency_ms": 1.9921,
      "latency_std_ms": 0.0241,
      "throughput_fps": 501.98,
      "num_params": 2796582,
      "model_size_mb": 10.6681,
      "per_class_accuracy": {
        "0": 100.0,
        "1": 100.0,
        "2": 100.0,
        "3": 100.0,
        "4": 98.27586206896552,
        "5": 100.0
      },
      "method": "DECORE",
      "compression_ratio": 0.7496773604513463,
      "speedup": 1.0238441845288893
    },
    "HAD-MC 2.0": {
      "accuracy": 100.0,
      "loss": 0.001924,
      "latency_ms": 1.4876,
      "latency_std_ms": 0.0231,
      "throughput_fps": 672.23,
      "num_params": 2794182,
      "model_size_mb": 10.659,
      "per_class_accuracy": {
        "0": 100.0,
        "1": 100.0,
        "2": 100.0,
        "3": 100.0,
        "4": 100.0,
        "5": 100.0
      },
      "compression_info": {
        "prune_ratio": 0.7496773604513463,
        "compression_ratio": 0.7498921849531548,
        "size_reduction": 0.7498914765061301,
        "speedup": 1.3710674912610916
      },
      "effective_size_mb": 2.6648,
      "component": "Full HAD-MC 2.0"
    }
  },
  "ablation": {
    "pruning_only": {
      "accuracy": 100.0,
      "loss": 0.003632,
      "latency_ms": 2.0095,
      "latency_std_ms": 0.025,
      "throughput_fps": 497.64,
      "num_params": 2796582,
      "model_size_mb": 10.6681,
      "per_class_accuracy": {
        "0": 100.0,
        "1": 100.0,
        "2": 100.0,
        "3": 100.0,
        "4": 100.0,
        "5": 100.0
      },
      "component": "Pruning Only"
    },
    "quantization_only": {
      "accuracy": 100.0,
      "loss": 0.002173,
      "latency_ms": 2.0276,
      "latency_std_ms": 0.02,
      "throughput_fps": 493.21,
      "num_params": 11171910,
      "model_size_mb": 42.6175,
      "per_class_accuracy": {
        "0": 100.0,
        "1": 100.0,
        "2": 100.0,
        "3": 100.0,
        "4": 100.0,
        "5": 100.0
      },
      "component": "Quantization Only",
      "effective_size_mb": 10.6544
    },
    "distillation_only": {
      "accuracy": 100.0,
      "loss": 0.002401,
      "latency_ms": 1.9997,
      "latency_std_ms": 0.0178,
      "throughput_fps": 500.07,
      "num_params": 2796582,
      "model_size_mb": 10.6681,
      "per_class_accuracy": {
        "0": 100.0,
        "1": 100.0,
        "2": 100.0,
        "3": 100.0,
        "4": 100.0,
        "5": 100.0
      },
      "component": "Distillation Only"
    },
    "pruning_quantization": {
      "accuracy": 100.0,
      "loss": 0.003862,
      "latency_ms": 1.9911,
      "latency_std_ms": 0.0266,
      "throughput_fps": 502.25,
      "num_params": 2796582,
      "model_size_mb": 10.6681,
      "per_class_accuracy": {
        "0": 100.0,
        "1": 100.0,
        "2": 100.0,
        "3": 100.0,
        "4": 100.0,
        "5": 100.0
      },
      "component": "Pruning + Quantization"
    },
    "pruning_distillation": {
      "accuracy": 100.0,
      "loss": 0.002047,
      "latency_ms": 2.0148,
      "latency_std_ms": 0.0229,
      "throughput_fps": 496.34,
      "num_params": 2796582,
      "model_size_mb": 10.6681,
      "per_class_accuracy": {
        "0": 100.0,
        "1": 100.0,
        "2": 100.0,
        "3": 100.0,
        "4": 100.0,
        "5": 100.0
      },
      "component": "Pruning + Distillation"
    },
    "full_hadmc2": {
      "accuracy": 100.0,
      "loss": 0.001924,
      "latency_ms": 1.4876,
      "latency_std_ms": 0.0231,
      "throughput_fps": 672.23,
      "num_params": 2794182,
      "model_size_mb": 10.659,
      "per_class_accuracy": {
        "0": 100.0,
        "1": 100.0,
        "2": 100.0,
        "3": 100.0,
        "4": 100.0,
        "5": 100.0
      },
      "compression_info": {
        "prune_ratio": 0.7496773604513463,
        "compression_ratio": 0.7498921849531548,
        "size_reduction": 0.7498914765061301,
        "speedup": 1.3710674912610916
      },