{
  "amc": {
    "method": "AMC",
    "mAP": 0.8849671415301124,
    "compression_ratio": 0.5430867849414408,
    "latency_ms": 6.823844269050346,
    "energy_j": 0.7261514928204013
  },
  "haq": {
    "method": "HAQ",
    "mAP": 0.8876584662527667,
    "compression_ratio": 0.588293152152541,
    "latency_ms": 6.5896064077536955,
    "energy_j": 0.6183717364576454
  },
  "decore": {
    "method": "DECORE",
    "mAP": 0.8953052561406505,
    "compression_ratio": 0.6771280021792982,
    "latency_ms": 4.9682911535937695,
    "energy_j": 0.4967135123214872
  }
}