{
  "NVIDIA_A100": {
    "latency_ms": 3.3541531251033616,
    "energy_j": 0.3354153125103362,
    "throughput_fps": 298.1378496156713
  },
  "Ascend_310": {
    "latency_ms": 3.6991466938853015,
    "energy_j": 0.3699146693885302,
    "throughput_fps": 270.33261526313686
  },
  "CPU": {
    "latency_ms": 15.926139092254468,
    "energy_j": 1.592613909225447,
    "throughput_fps": 62.78985724081368
  }
}