{
  "fsds": {
    "mAP": 0.9211092258970986,
    "mAP@0.5:0.95": 0.7829428420125338
  },
  "neudet": {
    "mAP": 0.868490064225777,
    "mAP@0.5:0.95": 0.7382165545919105
  },
  "coco": {
    "mAP": 0.8537569801834567,
    "mAP@0.5:0.95": 0.7256934331559382
  },
  "voc": {
    "mAP": 0.8639936131008119,
    "mAP@0.5:0.95": 0.7343945711356901
  }
}